expert_id,N,MAE,MSE,R2
1,2119,0.010917157866060734,0.00014638048014603555,0.9549211263656616
2,593,0.003946574404835701,5.325327583705075e-05,0.9967373013496399
3,743,0.011945217847824097,0.0002353191375732422,0.9981210231781006
4,495,0.0074204918928444386,0.00014019270020071417,0.9975278973579407
